location,iso_code,date,people_vaccinated,daily_vaccinations_raw,daily_vaccinations,people_vaccinated_per_hundred,daily_vaccinations_per_million,daily_people_vaccinated,daily_people_vaccinated_per_hundred,coverage_level,intensity_level,days_since_first_vax,progress_stage
Sri Lanka,LKA,2021-01-29,5286.0,5286.0,5286.0,0.02,242.0,5286.0,0.024,Low,Slow,0,Early
Sri Lanka,LKA,2021-01-30,37825.0,32539.0,18912.0,0.17,866.0,18912.0,0.087,Low,Slow,1,Early
Sri Lanka,LKA,2021-01-31,59154.0,21329.0,19718.0,0.27,903.0,19718.0,0.09,Low,Slow,2,Early
Sri Lanka,LKA,2021-02-01,95550.0,36396.0,23888.0,0.44,1094.0,23888.0,0.109,Low,Moderate,3,Early
Sri Lanka,LKA,2021-02-02,118767.0,23217.0,23753.0,0.54,1088.0,23753.0,0.109,Low,Moderate,4,Early
Sri Lanka,LKA,2021-02-03,139914.0,21147.0,23319.0,0.64,1068.0,23319.0,0.107,Low,Moderate,5,Early
Sri Lanka,LKA,2021-02-04,146327.0,6413.0,20904.0,0.67,957.0,20904.0,0.096,Low,Slow,6,Early
Sri Lanka,LKA,2021-02-05,156310.0,9983.0,21575.0,0.72,988.0,21575.0,0.099,Low,Slow,7,Early
Sri Lanka,LKA,2021-02-06,160148.0,3838.0,17475.0,0.73,800.0,17475.0,0.08,Low,Slow,8,Early
Sri Lanka,LKA,2021-02-07,161773.0,1625.0,14660.0,0.74,671.0,14660.0,0.067,Low,Slow,9,Early
Sri Lanka,LKA,2021-02-08,167762.0,5989.0,10316.0,0.77,473.0,10316.0,0.047,Low,Slow,10,Early
Sri Lanka,LKA,2021-02-09,174193.0,6431.0,7918.0,0.8,363.0,7918.0,0.036,Low,Slow,11,Early
Sri Lanka,LKA,2021-02-10,176725.0,2532.0,5259.0,0.81,241.0,5259.0,0.024,Low,Slow,12,Early
Sri Lanka,LKA,2021-02-11,178087.0,1362.0,4537.0,0.82,208.0,4537.0,0.021,Low,Slow,13,Early
Sri Lanka,LKA,2021-02-12,179197.0,1110.0,3270.0,0.82,150.0,3270.0,0.015,Low,Slow,14,Early
Sri Lanka,LKA,2021-02-13,186654.0,7457.0,3787.0,0.85,173.0,3787.0,0.017,Low,Slow,15,Early
Sri Lanka,LKA,2021-02-14,189349.0,2695.0,3939.0,0.87,180.0,3939.0,0.018,Low,Slow,16,Early
Sri Lanka,LKA,2021-02-15,192938.0,3589.0,3597.0,0.88,165.0,3597.0,0.016,Low,Slow,17,Early
Sri Lanka,LKA,2021-02-16,196163.0,3225.0,3139.0,0.9,144.0,3139.0,0.014,Low,Slow,18,Early
Sri Lanka,LKA,2021-02-17,210405.0,14242.0,4811.0,0.96,220.0,4811.0,0.022,Low,Slow,19,Early
Sri Lanka,LKA,2021-02-18,233472.0,23067.0,7912.0,1.07,362.0,7912.0,0.036,Low,Slow,20,Early
Sri Lanka,LKA,2021-02-19,263779.0,30307.0,12083.0,1.21,553.0,12083.0,0.055,Low,Slow,21,Early
Sri Lanka,LKA,2021-02-20,302857.0,39078.0,16600.0,1.39,760.0,16600.0,0.076,Low,Slow,22,Early
Sri Lanka,LKA,2021-02-21,338769.0,35912.0,21346.0,1.55,978.0,21346.0,0.098,Low,Slow,23,Early
Sri Lanka,LKA,2021-02-22,354352.0,15583.0,23059.0,1.62,1056.0,23059.0,0.106,Low,Slow,24,Early
Sri Lanka,LKA,2021-02-23,366907.0,12555.0,24392.0,1.68,1117.0,24392.0,0.112,Low,Moderate,25,Early
Sri Lanka,LKA,2021-02-24,393469.0,26562.0,26152.0,1.8,1198.0,26152.0,0.12,Low,Moderate,26,Early
Sri Lanka,LKA,2021-02-27,441976.0,35343.0,19874.0,2.02,910.0,19874.0,0.091,Low,Slow,29,Early
Sri Lanka,LKA,2021-02-28,466350.0,24374.0,18226.0,2.14,835.0,18226.0,0.083,Low,Slow,30,Early
Sri Lanka,LKA,2021-03-01,509275.0,42925.0,22132.0,2.33,1014.0,22132.0,0.101,Low,Slow,31,Developing
Sri Lanka,LKA,2021-03-02,553821.0,44546.0,26702.0,2.54,1223.0,26702.0,0.122,Low,Moderate,32,Developing
Sri Lanka,LKA,2021-03-03,599991.0,46170.0,29503.0,2.75,1351.0,29503.0,0.135,Low,Moderate,33,Developing
Sri Lanka,LKA,2021-03-04,650991.0,51000.0,35849.0,2.98,1642.0,35849.0,0.164,Low,Moderate,34,Developing
Sri Lanka,LKA,2021-03-05,699521.0,48530.0,41841.0,3.2,1916.0,41841.0,0.192,Low,Moderate,35,Developing
Sri Lanka,LKA,2021-03-06,724278.0,24757.0,40329.0,3.32,1847.0,40329.0,0.185,Low,Moderate,36,Developing
Sri Lanka,LKA,2021-03-07,729562.0,5284.0,37602.0,3.34,1722.0,37602.0,0.172,Low,Moderate,37,Developing
Sri Lanka,LKA,2021-03-08,737062.0,7500.0,32541.0,3.38,1491.0,32541.0,0.149,Low,Moderate,38,Developing
Sri Lanka,LKA,2021-03-09,743775.0,6713.0,27136.0,3.41,1243.0,27136.0,0.124,Low,Moderate,39,Developing
Sri Lanka,LKA,2021-03-10,752098.0,8323.0,21730.0,3.44,995.0,21730.0,0.1,Low,Slow,40,Developing
Sri Lanka,LKA,2021-03-11,759548.0,7450.0,15508.0,3.48,710.0,15508.0,0.071,Low,Slow,41,Developing
Sri Lanka,LKA,2021-03-12,760765.0,1217.0,8749.0,3.48,401.0,8749.0,0.04,Low,Slow,42,Developing
Sri Lanka,LKA,2021-03-13,770408.0,9643.0,6590.0,3.53,302.0,6590.0,0.03,Low,Slow,43,Developing
Sri Lanka,LKA,2021-03-14,773011.0,2603.0,6207.0,3.54,284.0,6207.0,0.028,Low,Slow,44,Developing
Sri Lanka,LKA,2021-03-15,784500.0,11489.0,6777.0,3.59,310.0,6777.0,0.031,Low,Slow,45,Developing
Sri Lanka,LKA,2021-03-16,796792.0,12292.0,7574.0,3.65,347.0,7574.0,0.035,Low,Slow,46,Developing
Sri Lanka,LKA,2021-03-17,806449.0,9657.0,7764.0,3.69,356.0,7764.0,0.036,Low,Slow,47,Developing
Sri Lanka,LKA,2021-03-18,815585.0,9136.0,8005.0,3.74,367.0,8005.0,0.037,Low,Slow,48,Developing
Sri Lanka,LKA,2021-03-19,824523.0,8938.0,9108.0,3.78,417.0,9108.0,0.042,Low,Slow,49,Developing
Sri Lanka,LKA,2021-03-20,829220.0,4697.0,8402.0,3.8,385.0,8402.0,0.038,Low,Slow,50,Developing
Sri Lanka,LKA,2021-03-21,829865.0,645.0,8122.0,3.8,372.0,8122.0,0.037,Low,Slow,51,Developing
Sri Lanka,LKA,2021-03-22,838355.0,8490.0,7694.0,3.84,352.0,7694.0,0.035,Low,Slow,52,Developing
Sri Lanka,LKA,2021-03-28,894053.0,9889.0,9170.0,4.1,420.0,9170.0,0.042,Low,Slow,58,Developing
Sri Lanka,LKA,2021-03-29,894365.0,312.0,8001.0,4.1,366.0,8001.0,0.037,Low,Slow,59,Developing
Sri Lanka,LKA,2021-03-30,903467.0,9102.0,7993.0,4.14,366.0,7993.0,0.037,Low,Slow,60,Developing
Sri Lanka,LKA,2021-03-31,913219.0,9752.0,8077.0,4.18,370.0,8077.0,0.037,Low,Slow,61,Developing
Sri Lanka,LKA,2021-04-01,919753.0,6534.0,7702.0,4.21,353.0,7702.0,0.035,Low,Slow,62,Developing
Sri Lanka,LKA,2021-04-02,923954.0,4201.0,6993.0,4.23,320.0,6993.0,0.032,Low,Slow,63,Developing
Sri Lanka,LKA,2021-04-07,924687.0,151.0,1638.0,4.24,75.0,1638.0,0.008,Low,Slow,68,Developing
Sri Lanka,LKA,2021-04-30,928107.0,19870.0,3236.0,4.25,148.0,174.0,0.001,Low,Slow,91,Established
Sri Lanka,LKA,2021-05-01,928107.0,37838.0,8575.0,4.25,393.0,155.0,0.001,Low,Slow,92,Established
Sri Lanka,LKA,2021-05-02,928107.0,24896.0,12066.0,4.25,553.0,135.0,0.001,Low,Slow,93,Established
Sri Lanka,LKA,2021-05-03,928107.0,8783.0,13254.0,4.25,607.0,115.0,0.001,Low,Slow,94,Established
Sri Lanka,LKA,2021-05-04,928107.0,23135.0,16493.0,4.25,755.0,96.0,0.0,Low,Slow,95,Established
Sri Lanka,LKA,2021-05-05,928107.0,21715.0,19529.0,4.25,895.0,76.0,0.0,Low,Slow,96,Established
Sri Lanka,LKA,2021-05-06,928107.0,18265.0,22072.0,4.25,1011.0,57.0,0.0,Low,Slow,97,Established
Sri Lanka,LKA,2021-05-07,928107.0,17249.0,21697.0,4.25,994.0,0.0,0.0,Low,Slow,98,Established
Sri Lanka,LKA,2021-05-10,931276.0,4517.0,15040.0,4.27,689.0,453.0,0.002,Low,Slow,101,Established
Sri Lanka,LKA,2021-05-11,948817.0,32513.0,16380.0,4.35,750.0,2959.0,0.014,Low,Slow,102,Established
Sri Lanka,LKA,2021-05-12,996445.0,57478.0,21489.0,4.56,984.0,9763.0,0.045,Low,Slow,103,Established
Sri Lanka,LKA,2021-05-13,1075848.0,89592.0,31678.0,4.93,1451.0,21106.0,0.097,Low,Moderate,104,Established
Sri Lanka,LKA,2021-05-14,1140122.0,74239.0,39820.0,5.22,1824.0,30288.0,0.139,Low,Moderate,105,Established
Sri Lanka,LKA,2021-05-17,1300558.0,28309.0,62830.0,5.96,2878.0,52755.0,0.242,Low,Moderate,108,Established
Sri Lanka,LKA,2021-05-18,1350065.0,74887.0,68884.0,6.18,3155.0,57321.0,0.263,Low,Fast,109,Established
Sri Lanka,LKA,2021-05-19,1383082.0,38246.0,66136.0,6.34,3029.0,55234.0,0.253,Low,Fast,110,Established
Sri Lanka,LKA,2021-05-20,1399927.0,24120.0,56783.0,6.41,2601.0,46297.0,0.212,Low,Moderate,111,Established
Sri Lanka,LKA,2021-05-21,1410615.0,19426.0,48953.0,6.46,2242.0,38642.0,0.177,Low,Moderate,112,Established
Sri Lanka,LKA,2021-05-22,1426735.0,22617.0,40921.0,6.54,1874.0,31392.0,0.144,Low,Moderate,113,Established
Sri Lanka,LKA,2021-05-23,1437147.0,16012.0,31945.0,6.58,1463.0,23327.0,0.107,Low,Moderate,114,Established
Sri Lanka,LKA,2021-05-24,1439501.0,7546.0,28979.0,6.59,1327.0,19849.0,0.091,Low,Moderate,115,Established
Sri Lanka,LKA,2021-05-25,1441501.0,9505.0,19639.0,6.6,900.0,13062.0,0.06,Low,Slow,116,Established
Sri Lanka,LKA,2021-05-26,1443066.0,3914.0,14734.0,6.61,675.0,8569.0,0.039,Low,Slow,117,Established
Sri Lanka,LKA,2021-05-27,1446712.0,4345.0,11909.0,6.63,545.0,6684.0,0.031,Low,Slow,118,Established
Sri Lanka,LKA,2021-05-28,1488651.0,42360.0,15186.0,6.82,696.0,11148.0,0.051,Low,Slow,119,Established
Sri Lanka,LKA,2021-05-29,1505273.0,17953.0,14519.0,6.89,665.0,11220.0,0.051,Low,Slow,120,Established
Sri Lanka,LKA,2021-05-30,1526750.0,21989.0,15373.0,6.99,704.0,12800.0,0.059,Low,Slow,121,Established
Sri Lanka,LKA,2021-05-31,1608518.0,83752.0,26260.0,7.37,1203.0,24145.0,0.111,Low,Moderate,122,Established
Sri Lanka,LKA,2021-06-01,1691562.0,84565.0,36983.0,7.75,1694.0,35723.0,0.164,Low,Moderate,123,Established
Sri Lanka,LKA,2021-06-02,1766636.0,76346.0,47330.0,8.09,2168.0,46224.0,0.212,Low,Moderate,124,Established
Sri Lanka,LKA,2021-06-06,1943708.0,24604.0,60553.0,8.9,2774.0,59565.0,0.273,Low,Moderate,128,Established
Sri Lanka,LKA,2021-06-07,1948187.0,4625.0,49250.0,8.92,2256.0,48524.0,0.222,Low,Moderate,129,Established
Sri Lanka,LKA,2021-06-08,1979802.0,32102.0,41755.0,9.07,1913.0,41177.0,0.189,Low,Moderate,130,Established
Sri Lanka,LKA,2021-06-09,2023256.0,43620.0,37080.0,9.27,1698.0,36660.0,0.168,Low,Moderate,131,Established
Sri Lanka,LKA,2021-06-10,2089320.0,73754.0,40254.0,9.57,1844.0,38757.0,0.178,Low,Moderate,132,Established
Sri Lanka,LKA,2021-06-11,2156935.0,93408.0,46236.0,9.88,2118.0,41075.0,0.188,Low,Moderate,133,Established
Sri Lanka,LKA,2021-06-12,2199504.0,88333.0,51492.0,10.07,2359.0,39815.0,0.182,Low,Moderate,134,Established
Sri Lanka,LKA,2021-06-13,2259385.0,136677.0,67503.0,10.35,3092.0,45097.0,0.207,Low,Fast,135,Established
Sri Lanka,LKA,2021-06-14,2285572.0,61087.0,75569.0,10.47,3461.0,48198.0,0.221,Low,Fast,136,Established
Sri Lanka,LKA,2021-06-15,2317012.0,99742.0,85232.0,10.61,3904.0,48173.0,0.221,Low,Fast,137,Established
Sri Lanka,LKA,2021-06-16,2350564.0,97705.0,92958.0,10.77,4258.0,46758.0,0.214,Low,Fast,138,Established
Sri Lanka,LKA,2021-06-17,2380354.0,54988.0,90277.0,10.9,4135.0,41576.0,0.19,Low,Fast,139,Established
Sri Lanka,LKA,2021-06-18,2391683.0,57351.0,85126.0,10.95,3899.0,33535.0,0.154,Low,Fast,140,Established
Sri Lanka,LKA,2021-06-19,2430811.0,77562.0,83587.0,11.13,3829.0,33044.0,0.151,Low,Fast,141,Established
Sri Lanka,LKA,2021-06-20,2455180.0,43614.0,70293.0,11.25,3220.0,27971.0,0.128,Low,Fast,142,Established
Sri Lanka,LKA,2021-06-21,2472807.0,40491.0,67350.0,11.33,3085.0,26748.0,0.123,Low,Fast,143,Established
Sri Lanka,LKA,2021-06-22,2482166.0,22426.0,56305.0,11.37,2579.0,23593.0,0.108,Low,Moderate,144,Established
Sri Lanka,LKA,2021-06-29,2636524.0,69919.0,35950.0,12.08,1647.0,22051.0,0.101,Low,Moderate,151,Established
Sri Lanka,LKA,2021-06-30,2697778.0,117107.0,49617.0,12.36,2273.0,29497.0,0.135,Low,Moderate,152,Established
Sri Lanka,LKA,2021-07-01,2789537.0,173520.0,71343.0,12.78,3268.0,41301.0,0.189,Low,Fast,153,Established
Sri Lanka,LKA,2021-07-02,2889602.0,169957.0,90664.0,13.24,4153.0,51842.0,0.237,Low,Fast,154,Established
Sri Lanka,LKA,2021-07-03,2916330.0,86249.0,98026.0,13.36,4490.0,51905.0,0.238,Low,Fast,155,Established
Sri Lanka,LKA,2021-07-04,2951245.0,63704.0,102167.0,13.52,4680.0,53138.0,0.243,Low,Fast,156,Established
Sri Lanka,LKA,2021-07-05,2971751.0,35661.0,102302.0,13.61,4686.0,52313.0,0.24,Low,Fast,157,Established
Sri Lanka,LKA,2021-07-08,3396167.0,187747.0,121439.0,15.56,5562.0,86661.0,0.397,Low,Fast,160,Established
Sri Lanka,LKA,2021-07-09,3584651.0,222126.0,128892.0,16.42,5904.0,99293.0,0.455,Low,Fast,161,Established
Sri Lanka,LKA,2021-07-10,3754422.0,194297.0,144327.0,17.2,6611.0,119727.0,0.548,Low,Very Fast,162,Established
Sri Lanka,LKA,2021-07-11,3896184.0,186305.0,161841.0,17.85,7413.0,134991.0,0.618,Low,Very Fast,163,Established
Sri Lanka,LKA,2021-07-12,3991392.0,118942.0,173739.0,18.28,7958.0,145663.0,0.667,Low,Very Fast,164,Established
Sri Lanka,LKA,2021-07-13,4192446.0,258890.0,188812.0,19.2,8648.0,154909.0,0.71,Low,Very Fast,165,Established
Sri Lanka,LKA,2021-07-14,4496770.0,336745.0,215007.0,20.6,9848.0,178908.0,0.819,Low,Very Fast,166,Established
Sri Lanka,LKA,2021-07-15,4847360.0,397100.0,244915.0,22.2,11218.0,207313.0,0.95,Low,Very Fast,167,Established
Sri Lanka,LKA,2021-07-16,5175605.0,373381.0,266523.0,23.71,12208.0,227279.0,1.041,Low,Very Fast,168,Established
Sri Lanka,LKA,2021-07-17,5404938.0,246633.0,273999.0,24.76,12550.0,235788.0,1.08,Low,Very Fast,169,Established
Sri Lanka,LKA,2021-07-18,5578909.0,195869.0,275366.0,25.55,12613.0,240389.0,1.101,Moderate,Very Fast,170,Established
Sri Lanka,LKA,2021-07-19,5675329.0,114910.0,274790.0,26.0,12586.0,240562.0,1.102,Moderate,Very Fast,171,Established
Sri Lanka,LKA,2021-07-20,5876281.0,212074.0,268102.0,26.92,12280.0,240548.0,1.102,Moderate,Very Fast,172,Established
Sri Lanka,LKA,2021-07-21,6138757.0,278476.0,259778.0,28.12,11899.0,234570.0,1.074,Moderate,Very Fast,173,Established
Sri Lanka,LKA,2021-07-22,6317202.0,187757.0,229871.0,28.94,10529.0,209977.0,0.962,Moderate,Very Fast,174,Established
Sri Lanka,LKA,2021-07-23,6542533.0,238647.0,210624.0,29.97,9647.0,195275.0,0.894,Moderate,Very Fast,175,Established
Sri Lanka,LKA,2021-07-24,6693072.0,160622.0,198336.0,30.66,9085.0,184019.0,0.843,Moderate,Very Fast,176,Established
Sri Lanka,LKA,2021-07-25,7114087.0,468090.0,237225.0,32.59,10866.0,219311.0,1.005,Moderate,Very Fast,177,Established
Sri Lanka,LKA,2021-07-26,7434297.0,333350.0,268431.0,34.05,12295.0,251281.0,1.151,Moderate,Very Fast,178,Established
Sri Lanka,LKA,2021-07-27,7839638.0,481422.0,306909.0,35.91,14058.0,280480.0,1.285,Moderate,Very Fast,179,Established
Sri Lanka,LKA,2021-07-28,8232194.0,396793.0,323812.0,37.71,14832.0,299062.0,1.37,Moderate,Very Fast,180,Established
Sri Lanka,LKA,2021-07-29,8718433.0,593693.0,381802.0,39.93,17488.0,343033.0,1.571,Moderate,Very Fast,181,Mature
Sri Lanka,LKA,2021-07-30,9178909.0,529901.0,423410.0,42.04,19394.0,376625.0,1.725,Moderate,Very Fast,182,Mature
Sri Lanka,LKA,2021-07-31,9634704.0,526092.0,475620.0,44.13,21785.0,420233.0,1.925,Moderate,Very Fast,183,Mature
Sri Lanka,LKA,2021-08-01,9944683.0,330079.0,455904.0,45.55,20882.0,404371.0,1.852,Moderate,Very Fast,184,Mature
Sri Lanka,LKA,2021-08-02,10076981.0,232979.0,441566.0,46.16,20225.0,377526.0,1.729,Moderate,Very Fast,185,Mature
Sri Lanka,LKA,2021-08-03,10309855.0,426348.0,433698.0,47.22,19865.0,352888.0,1.616,Moderate,Very Fast,186,Mature
Sri Lanka,LKA,2021-08-04,10481285.0,307160.0,420893.0,48.01,19279.0,321299.0,1.472,Moderate,Very Fast,187,Mature
Sri Lanka,LKA,2021-08-05,10616683.0,197349.0,364273.0,48.63,16685.0,271179.0,1.242,Moderate,Very Fast,188,Mature
Sri Lanka,LKA,2021-08-06,10777259.0,193597.0,316229.0,49.36,14485.0,228336.0,1.046,Moderate,Very Fast,189,Mature
Sri Lanka,LKA,2021-08-07,10871332.0,114360.0,257410.0,49.8,11790.0,176661.0,0.809,Moderate,Very Fast,190,Mature
Sri Lanka,LKA,2021-08-08,10986524.0,194556.0,238050.0,50.32,10904.0,148834.0,0.682,High,Very Fast,191,Mature
Sri Lanka,LKA,2021-08-21,12073373.0,519414.0,223653.0,55.3,10244.0,67502.0,0.309,High,Very Fast,204,Mature
Sri Lanka,LKA,2021-08-22,12088864.0,121430.0,190187.0,55.37,8711.0,64993.0,0.298,High,Very Fast,205,Mature
Sri Lanka,LKA,2021-08-23,12096630.0,52417.0,180774.0,55.41,8280.0,61380.0,0.281,High,Very Fast,206,Mature
Sri Lanka,LKA,2021-08-24,12129492.0,175453.0,165083.0,55.56,7561.0,61352.0,0.281,High,Very Fast,207,Mature
Sri Lanka,LKA,2021-08-25,12149634.0,162097.0,168437.0,55.65,7715.0,59508.0,0.273,High,Very Fast,208,Mature
Sri Lanka,LKA,2021-08-26,12220331.0,242786.0,192532.0,55.97,8819.0,64885.0,0.297,High,Very Fast,209,Mature
Sri Lanka,LKA,2021-08-27,12255121.0,377546.0,235878.0,56.13,10804.0,65133.0,0.298,High,Very Fast,210,Mature
Sri Lanka,LKA,2021-08-28,12290482.0,444203.0,225133.0,56.3,10312.0,31016.0,0.142,High,Very Fast,211,Mature
Sri Lanka,LKA,2021-08-29,12309254.0,188052.0,234651.0,56.38,10748.0,31484.0,0.144,High,Very Fast,212,Mature
Sri Lanka,LKA,2021-08-30,12325287.0,146735.0,248125.0,56.45,11365.0,32665.0,0.15,High,Very Fast,213,Mature
Sri Lanka,LKA,2021-08-31,12423579.0,628583.0,312857.0,56.9,14330.0,42012.0,0.192,High,Very Fast,214,Mature
Sri Lanka,LKA,2021-09-01,12468949.0,511191.0,362728.0,57.11,16614.0,45616.0,0.209,High,Very Fast,215,Mature
Sri Lanka,LKA,2021-09-02,12564209.0,508122.0,400633.0,57.55,18351.0,49125.0,0.225,High,Very Fast,216,Mature
Sri Lanka,LKA,2021-09-03,12604733.0,259612.0,383785.0,57.73,17579.0,49945.0,0.229,High,Very Fast,217,Mature
Sri Lanka,LKA,2021-09-04,12660231.0,261904.0,357743.0,57.99,16386.0,52821.0,0.242,High,Very Fast,218,Mature
Sri Lanka,LKA,2021-09-05,12703070.0,173138.0,355612.0,58.19,16288.0,56259.0,0.258,High,Very Fast,219,Mature
Sri Lanka,LKA,2021-09-06,12729601.0,67890.0,344349.0,58.31,15773.0,57759.0,0.265,High,Very Fast,220,Mature
Sri Lanka,LKA,2021-09-07,12823147.0,329151.0,301573.0,58.74,13813.0,57081.0,0.261,High,Very Fast,221,Mature
Sri Lanka,LKA,2021-09-08,12952755.0,429614.0,289919.0,59.33,13279.0,69115.0,0.317,High,Very Fast,222,Mature
Sri Lanka,LKA,2021-09-09,13128756.0,455733.0,282435.0,60.13,12937.0,80650.0,0.369,High,Very Fast,223,Mature
Sri Lanka,LKA,2021-09-10,13264805.0,352997.0,295775.0,60.76,13548.0,94296.0,0.432,High,Very Fast,224,Mature
Sri Lanka,LKA,2021-09-11,13371289.0,300995.0,301360.0,61.25,13803.0,101580.0,0.465,High,Very Fast,225,Mature
Sri Lanka,LKA,2021-09-12,13458620.0,225511.0,308842.0,61.65,14146.0,107936.0,0.494,High,Very Fast,226,Mature
Sri Lanka,LKA,2021-09-13,13497826.0,74198.0,309743.0,61.83,14187.0,109746.0,0.503,High,Very Fast,227,Mature
Sri Lanka,LKA,2021-09-14,13553534.0,149115.0,284023.0,62.08,13009.0,104341.0,0.478,High,Very Fast,228,Mature
Sri Lanka,LKA,2021-09-15,13602365.0,123440.0,240284.0,62.3,11006.0,92801.0,0.425,High,Very Fast,229,Mature
Sri Lanka,LKA,2021-09-16,13649253.0,113852.0,191444.0,62.52,8769.0,74357.0,0.341,High,Very Fast,230,Mature
Sri Lanka,LKA,2021-09-17,13690202.0,94649.0,154537.0,62.71,7078.0,60771.0,0.278,High,Very Fast,231,Mature
Sri Lanka,LKA,2021-09-18,13720887.0,130980.0,130249.0,62.85,5966.0,49943.0,0.229,High,Very Fast,232,Mature
Sri Lanka,LKA,2021-09-19,13749897.0,114916.0,114450.0,62.98,5242.0,41611.0,0.191,High,Fast,233,Mature
Sri Lanka,LKA,2021-09-20,13772541.0,62008.0,112709.0,63.08,5163.0,39245.0,0.18,High,Fast,234,Mature
Sri Lanka,LKA,2021-09-21,13802944.0,61083.0,100133.0,63.22,4586.0,35630.0,0.163,High,Fast,235,Mature
Sri Lanka,LKA,2021-09-22,13906987.0,183788.0,108754.0,63.7,4981.0,43517.0,0.199,High,Fast,236,Mature
Sri Lanka,LKA,2021-09-23,14032696.0,228645.0,125153.0,64.28,5733.0,54778.0,0.251,High,Fast,237,Mature
Sri Lanka,LKA,2021-09-24,14183520.0,250356.0,147397.0,64.97,6751.0,70474.0,0.323,High,Very Fast,238,Mature
Sri Lanka,LKA,2021-09-25,14302376.0,223613.0,160630.0,65.51,7357.0,83070.0,0.38,High,Very Fast,239,Mature
Sri Lanka,LKA,2021-09-26,14367807.0,148306.0,165400.0,65.81,7576.0,88273.0,0.404,High,Very Fast,240,Mature
Sri Lanka,LKA,2021-09-27,14391759.0,40648.0,162348.0,65.92,7436.0,88460.0,0.405,High,Very Fast,241,Mature
Sri Lanka,LKA,2021-09-28,14433611.0,93662.0,167003.0,66.11,7649.0,90095.0,0.413,High,Very Fast,242,Mature
Sri Lanka,LKA,2021-09-29,14471052.0,75708.0,151563.0,66.28,6942.0,80581.0,0.369,High,Very Fast,243,Mature
Sri Lanka,LKA,2021-09-30,14502913.0,61403.0,127671.0,66.43,5848.0,67174.0,0.308,High,Fast,244,Mature
Sri Lanka,LKA,2021-10-01,14524408.0,64875.0,101174.0,66.53,4634.0,48698.0,0.223,High,Fast,245,Mature
Sri Lanka,LKA,2021-10-02,14555215.0,78716.0,80474.0,66.67,3686.0,36120.0,0.165,High,Fast,246,Mature
Sri Lanka,LKA,2021-10-03,14570141.0,47157.0,66024.0,66.74,3024.0,28905.0,0.132,High,Fast,247,Mature
Sri Lanka,LKA,2021-10-04,14580206.0,17269.0,62684.0,66.78,2871.0,26921.0,0.123,High,Moderate,248,Mature
Sri Lanka,LKA,2021-10-05,14598456.0,82798.0,61132.0,66.87,2800.0,23549.0,0.108,High,Moderate,249,Mature
Sri Lanka,LKA,2021-10-06,14615232.0,58526.0,58678.0,66.94,2688.0,20597.0,0.094,High,Moderate,250,Mature
Sri Lanka,LKA,2021-10-07,14639679.0,100488.0,64261.0,67.06,2943.0,19538.0,0.089,High,Moderate,251,Mature
Sri Lanka,LKA,2021-10-08,14668211.0,108573.0,70504.0,67.19,3229.0,20543.0,0.094,High,Fast,252,Mature
Sri Lanka,LKA,2021-10-09,14684749.0,148133.0,80421.0,67.26,3684.0,18505.0,0.085,High,Fast,253,Mature
Sri Lanka,LKA,2021-10-10,14698140.0,118549.0,90619.0,67.32,4151.0,18286.0,0.084,High,Fast,254,Mature
Sri Lanka,LKA,2021-10-11,14703606.0,43755.0,94403.0,67.35,4324.0,17629.0,0.081,High,Fast,255,Mature
Sri Lanka,LKA,2021-10-12,14716712.0,95525.0,96221.0,67.41,4407.0,16894.0,0.077,High,Fast,256,Mature
Sri Lanka,LKA,2021-10-13,14731502.0,87739.0,100395.0,67.48,4598.0,16610.0,0.076,High,Fast,257,Mature
Sri Lanka,LKA,2021-10-14,14745130.0,73558.0,96547.0,67.54,4422.0,15064.0,0.069,High,Fast,258,Mature
Sri Lanka,LKA,2021-10-15,14754334.0,53444.0,88672.0,67.58,4062.0,12303.0,0.056,High,Fast,259,Mature
Sri Lanka,LKA,2021-10-16,14767778.0,75918.0,78355.0,67.64,3589.0,11861.0,0.054,High,Fast,260,Mature
Sri Lanka,LKA,2021-10-17,14777220.0,57738.0,69668.0,67.69,3191.0,11297.0,0.052,High,Fast,261,Mature
Sri Lanka,LKA,2021-10-18,14780138.0,17694.0,65945.0,67.7,3021.0,10933.0,0.05,High,Fast,262,Mature
Sri Lanka,LKA,2021-10-19,14785189.0,39895.0,57998.0,67.72,2657.0,9782.0,0.045,High,Moderate,263,Mature
Sri Lanka,LKA,2021-10-20,14788141.0,24211.0,48923.0,67.74,2241.0,8091.0,0.037,High,Moderate,264,Mature
Sri Lanka,LKA,2021-10-21,14789068.0,11618.0,40074.0,67.74,1836.0,6277.0,0.029,High,Moderate,265,Mature
Sri Lanka,LKA,2021-10-22,14868800.0,161939.0,55573.0,68.11,2545.0,16352.0,0.075,High,Moderate,266,Mature
Sri Lanka,LKA,2021-10-23,14928248.0,165381.0,68354.0,68.38,3131.0,22924.0,0.105,High,Fast,267,Mature
Sri Lanka,LKA,2021-10-24,14975778.0,135516.0,79465.0,68.6,3640.0,28365.0,0.13,High,Fast,268,Mature
Sri Lanka,LKA,2021-10-25,14987889.0,42230.0,82970.0,68.65,3800.0,29679.0,0.136,High,Fast,269,Mature
Sri Lanka,LKA,2021-10-26,15061354.0,118032.0,94132.0,68.99,4312.0,39452.0,0.181,High,Fast,270,Mature
Sri Lanka,LKA,2021-10-27,15147114.0,150517.0,112176.0,69.38,5138.0,51282.0,0.235,High,Fast,271,Mature
Sri Lanka,LKA,2021-10-28,15262192.0,168559.0,134596.0,69.91,6165.0,67589.0,0.31,High,Very Fast,272,Mature
Sri Lanka,LKA,2021-11-04,15718509.0,66890.0,94001.0,72.0,4306.0,65188.0,0.299,High,Fast,279,Mature
Sri Lanka,LKA,2021-11-05,15726331.0,10478.0,81423.0,72.03,3729.0,56560.0,0.259,High,Fast,280,Mature
Sri Lanka,LKA,2021-11-06,15757276.0,47573.0,74145.0,72.17,3396.0,51235.0,0.235,High,Fast,281,Mature
Sri Lanka,LKA,2021-11-07,15796673.0,76876.0,71053.0,72.36,3255.0,47117.0,0.216,High,Fast,282,Mature
Sri Lanka,LKA,2021-11-08,15799360.0,5886.0,57820.0,72.37,2648.0,37756.0,0.173,High,Moderate,283,Mature
Sri Lanka,LKA,2021-11-09,15816302.0,27327.0,47650.0,72.45,2183.0,30430.0,0.139,High,Moderate,284,Mature
Sri Lanka,LKA,2021-11-10,15825242.0,14036.0,35581.0,72.49,1630.0,21962.0,0.101,High,Moderate,285,Mature
Sri Lanka,LKA,2021-11-11,15837790.0,20930.0,29015.0,72.54,1329.0,17040.0,0.078,High,Moderate,286,Mature
Sri Lanka,LKA,2021-11-14,15874038.0,42851.0,21137.0,72.71,968.0,11052.0,0.051,High,Slow,289,Mature
Sri Lanka,LKA,2021-11-15,15876907.0,20001.0,23153.0,72.72,1061.0,11078.0,0.051,High,Moderate,290,Mature
Sri Lanka,LKA,2021-11-16,15883630.0,16125.0,21553.0,72.75,987.0,9618.0,0.044,High,Slow,291,Mature
Sri Lanka,LKA,2021-11-17,15888053.0,11925.0,21252.0,72.77,973.0,8973.0,0.041,High,Slow,292,Mature
Sri Lanka,LKA,2021-11-18,15894375.0,12573.0,20058.0,72.8,919.0,8084.0,0.037,High,Slow,293,Mature
Sri Lanka,LKA,2021-11-19,15897388.0,5078.0,18145.0,72.82,831.0,7077.0,0.032,High,Slow,294,Mature
Sri Lanka,LKA,2021-11-20,15900295.0,7091.0,16521.0,72.83,757.0,6056.0,0.028,High,Slow,295,Mature
Sri Lanka,LKA,2021-11-21,15910650.0,20707.0,13357.0,72.88,612.0,5230.0,0.024,High,Slow,296,Mature
Sri Lanka,LKA,2021-11-22,15911983.0,3541.0,11006.0,72.88,504.0,5011.0,0.023,High,Slow,297,Mature
Sri Lanka,LKA,2021-11-23,15914780.0,12149.0,10438.0,72.9,478.0,4450.0,0.02,High,Slow,298,Mature
Sri Lanka,LKA,2021-11-24,15916995.0,6461.0,9657.0,72.91,442.0,4135.0,0.019,High,Slow,299,Mature
Sri Lanka,LKA,2021-11-25,15918179.0,3301.0,8333.0,72.91,382.0,3401.0,0.016,High,Slow,300,Mature
Sri Lanka,LKA,2021-11-26,15919195.0,2918.0,8024.0,72.92,368.0,3115.0,0.014,High,Slow,301,Mature
Sri Lanka,LKA,2021-11-29,15927537.0,3922.0,7033.0,72.95,322.0,2222.0,0.01,High,Slow,304,Mature
Sri Lanka,LKA,2021-11-30,15929547.0,5977.0,6151.0,72.96,282.0,2110.0,0.01,High,Slow,305,Mature
Sri Lanka,LKA,2021-12-01,15932194.0,7377.0,6282.0,72.98,288.0,2171.0,0.01,High,Slow,306,Mature
Sri Lanka,LKA,2021-12-02,15933967.0,5597.0,6610.0,72.98,303.0,2255.0,0.01,High,Slow,307,Mature
Sri Lanka,LKA,2021-12-03,15935634.0,4369.0,6817.0,72.99,312.0,2348.0,0.011,High,Slow,308,Mature
Sri Lanka,LKA,2021-12-06,15945546.0,5146.0,6204.0,73.04,284.0,2573.0,0.012,High,Slow,311,Mature
Sri Lanka,LKA,2021-12-07,15947255.0,5127.0,6082.0,73.04,279.0,2530.0,0.012,High,Slow,312,Mature
Sri Lanka,LKA,2021-12-08,15948495.0,2905.0,5443.0,73.05,249.0,2329.0,0.011,High,Slow,313,Mature
Sri Lanka,LKA,2021-12-09,15949941.0,1085196.0,159672.0,73.06,7314.0,2282.0,0.01,High,Very Fast,314,Mature
Sri Lanka,LKA,2021-12-12,15955985.0,92052.0,186362.0,73.08,8536.0,1831.0,0.008,High,Very Fast,317,Mature
Sri Lanka,LKA,2021-12-13,15956438.0,42834.0,191746.0,73.09,8783.0,1556.0,0.007,High,Very Fast,318,Mature
Sri Lanka,LKA,2021-12-14,15958080.0,137625.0,210674.0,73.09,9650.0,1546.0,0.007,High,Very Fast,319,Mature
Sri Lanka,LKA,2021-12-15,15960281.0,214233.0,240864.0,73.1,11033.0,1684.0,0.008,High,Very Fast,320,Mature
Sri Lanka,LKA,2021-12-16,15962904.0,228013.0,118409.0,73.12,5424.0,1852.0,0.008,High,Fast,321,Mature
Sri Lanka,LKA,2021-12-17,15964289.0,192652.0,137780.0,73.12,6311.0,1880.0,0.009,High,Very Fast,322,Mature
Sri Lanka,LKA,2021-12-18,15966704.0,294317.0,171675.0,73.13,7863.0,2056.0,0.009,High,Very Fast,323,Mature
Sri Lanka,LKA,2021-12-19,15967577.0,86798.0,170925.0,73.14,7829.0,1656.0,0.008,High,Very Fast,324,Mature
Sri Lanka,LKA,2021-12-20,15968147.0,76091.0,175676.0,73.14,8047.0,1673.0,0.008,High,Very Fast,325,Mature
Sri Lanka,LKA,2021-12-21,15969986.0,159370.0,178782.0,73.15,8189.0,1701.0,0.008,High,Very Fast,326,Mature
Sri Lanka,LKA,2021-12-22,15972186.0,186954.0,174885.0,73.16,8010.0,1701.0,0.008,High,Very Fast,327,Mature
Sri Lanka,LKA,2021-12-23,15976157.0,173510.0,167099.0,73.18,7654.0,1893.0,0.009,High,Very Fast,328,Mature
Sri Lanka,LKA,2021-12-24,15978824.0,140240.0,159611.0,73.19,7311.0,2076.0,0.01,High,Very Fast,329,Mature
Sri Lanka,LKA,2021-12-25,15980825.0,163154.0,140874.0,73.2,6453.0,2017.0,0.009,High,Very Fast,330,Mature
Sri Lanka,LKA,2021-12-26,15982016.0,70740.0,138580.0,73.2,6348.0,2063.0,0.009,High,Very Fast,331,Mature
Sri Lanka,LKA,2021-12-27,15982166.0,25037.0,131286.0,73.2,6013.0,2003.0,0.009,High,Very Fast,332,Mature
Sri Lanka,LKA,2021-12-28,15985385.0,166871.0,132358.0,73.22,6063.0,2200.0,0.01,High,Very Fast,333,Mature
Sri Lanka,LKA,2021-12-29,15987913.0,146354.0,126558.0,73.23,5797.0,2247.0,0.01,High,Fast,334,Mature
Sri Lanka,LKA,2021-12-30,15989319.0,170766.0,126166.0,73.24,5779.0,1880.0,0.009,High,Fast,335,Mature
Sri Lanka,LKA,2021-12-31,15991500.0,154162.0,128155.0,73.25,5870.0,1811.0,0.008,High,Fast,336,Mature
Sri Lanka,LKA,2022-01-01,15992877.0,49871.0,111972.0,73.25,5129.0,1722.0,0.008,High,Fast,337,Mature
Sri Lanka,LKA,2022-01-02,15993676.0,21214.0,104896.0,73.26,4805.0,1666.0,0.008,High,Fast,338,Mature
Sri Lanka,LKA,2022-01-03,15993891.0,5663.0,102129.0,73.26,4678.0,1675.0,0.008,High,Fast,339,Mature
Sri Lanka,LKA,2022-01-04,15994809.0,40293.0,84046.0,73.26,3850.0,1346.0,0.006,High,Fast,340,Mature
Sri Lanka,LKA,2022-01-05,15995725.0,37075.0,68435.0,73.27,3135.0,1116.0,0.005,High,Fast,341,Mature
Sri Lanka,LKA,2022-01-06,15996826.0,52410.0,51527.0,73.27,2360.0,1072.0,0.005,High,Moderate,342,Mature
Sri Lanka,LKA,2022-01-07,15997744.0,33066.0,34227.0,73.28,1568.0,892.0,0.004,High,Moderate,343,Mature
Sri Lanka,LKA,2022-01-08,16003686.0,55395.0,35017.0,73.3,1604.0,1544.0,0.007,High,Moderate,344,Mature
Sri Lanka,LKA,2022-01-09,16007724.0,50708.0,39230.0,73.32,1797.0,2007.0,0.009,High,Moderate,345,Mature
Sri Lanka,LKA,2022-01-10,16009057.0,16921.0,40838.0,73.33,1871.0,2167.0,0.01,High,Moderate,346,Mature
Sri Lanka,LKA,2022-01-11,16020257.0,52510.0,42584.0,73.38,1951.0,3635.0,0.017,High,Moderate,347,Mature
Sri Lanka,LKA,2022-01-16,16200619.0,67759.0,82787.0,74.21,3792.0,27556.0,0.126,High,Fast,352,Mature
Sri Lanka,LKA,2022-01-17,16206725.0,56945.0,88504.0,74.23,4054.0,28238.0,0.129,High,Fast,353,Mature
Sri Lanka,LKA,2022-01-18,16208326.0,12962.0,82855.0,74.24,3795.0,26867.0,0.123,High,Fast,354,Mature
Sri Lanka,LKA,2022-01-19,16250671.0,91955.0,78938.0,74.43,3616.0,26811.0,0.123,High,Fast,355,Mature
Sri Lanka,LKA,2022-01-20,16294449.0,74576.0,72539.0,74.64,3323.0,26960.0,0.123,High,Fast,356,Mature
Sri Lanka,LKA,2022-01-21,16359250.0,97682.0,71952.0,74.93,3296.0,30253.0,0.139,High,Fast,357,Mature
Sri Lanka,LKA,2022-01-22,16403883.0,68545.0,67203.0,75.14,3078.0,30665.0,0.14,Very High,Fast,358,Mature
Sri Lanka,LKA,2022-01-23,16420801.0,51360.0,64861.0,75.21,2971.0,31455.0,0.144,Very High,Moderate,359,Mature
Sri Lanka,LKA,2022-01-24,16421857.0,11129.0,58316.0,75.22,2671.0,30733.0,0.141,Very High,Moderate,360,Mature
Sri Lanka,LKA,2022-01-25,16463502.0,70846.0,66585.0,75.41,3050.0,36454.0,0.167,Very High,Fast,361,Mature
Sri Lanka,LKA,2022-01-26,16497745.0,72248.0,63769.0,75.57,2921.0,35296.0,0.162,Very High,Moderate,362,Mature
Sri Lanka,LKA,2022-01-27,16550296.0,85652.0,65352.0,75.81,2993.0,36550.0,0.167,Very High,Fast,363,Mature
Sri Lanka,LKA,2022-01-28,16583724.0,67864.0,61092.0,75.96,2798.0,32068.0,0.147,Very High,Moderate,364,Mature
Sri Lanka,LKA,2022-01-29,16624775.0,105030.0,66304.0,76.15,3037.0,31556.0,0.145,Very High,Fast,365,Mature
Sri Lanka,LKA,2022-01-30,16641134.0,88196.0,71566.0,76.22,3278.0,31476.0,0.144,Very High,Fast,366,Long-term
Sri Lanka,LKA,2022-01-31,16647015.0,43171.0,76144.0,76.25,3488.0,32165.0,0.147,Very High,Fast,367,Long-term
Sri Lanka,LKA,2022-02-01,16676234.0,102928.0,80727.0,76.38,3698.0,30390.0,0.139,Very High,Fast,368,Long-term
Sri Lanka,LKA,2022-02-02,16710257.0,150670.0,91930.0,76.54,4211.0,30359.0,0.139,Very High,Fast,369,Long-term
Sri Lanka,LKA,2022-02-03,16733188.0,141561.0,99917.0,76.64,4577.0,26127.0,0.12,Very High,Fast,370,Long-term
Sri Lanka,LKA,2022-02-06,16788517.0,62923.0,122864.0,76.9,5628.0,21055.0,0.096,Very High,Fast,373,Long-term
Sri Lanka,LKA,2022-02-07,16794917.0,76365.0,127606.0,76.93,5845.0,21129.0,0.097,Very High,Fast,374,Long-term
Sri Lanka,LKA,2022-02-08,16798256.0,58820.0,121304.0,76.94,5556.0,17432.0,0.08,Very High,Fast,375,Long-term
Sri Lanka,LKA,2022-02-09,16800981.0,54079.0,107506.0,76.96,4924.0,12961.0,0.059,Very High,Fast,376,Long-term
Sri Lanka,LKA,2022-02-10,16802496.0,48482.0,94209.0,76.96,4315.0,9901.0,0.045,Very High,Fast,377,Long-term
Sri Lanka,LKA,2022-02-11,16805368.0,67934.0,78286.0,76.98,3586.0,6732.0,0.031,Very High,Fast,378,Long-term
Sri Lanka,LKA,2022-02-12,16811958.0,85800.0,64915.0,77.01,2973.0,4094.0,0.019,Very High,Moderate,379,Long-term
Sri Lanka,LKA,2022-02-13,16812378.0,6140.0,56803.0,77.01,2602.0,3409.0,0.016,Very High,Moderate,380,Long-term
Sri Lanka,LKA,2022-02-14,16820188.0,57321.0,54082.0,77.04,2477.0,3610.0,0.017,Very High,Moderate,381,Long-term
Sri Lanka,LKA,2022-02-15,16821707.0,44280.0,52005.0,77.05,2382.0,3350.0,0.015,Very High,Moderate,382,Long-term
Sri Lanka,LKA,2022-02-16,16824201.0,31071.0,48718.0,77.06,2231.0,3317.0,0.015,Very High,Moderate,383,Long-term
Sri Lanka,LKA,2022-02-17,16829089.0,71443.0,51998.0,77.08,2382.0,3799.0,0.017,Very High,Moderate,384,Long-term
Sri Lanka,LKA,2022-02-18,16836546.0,90133.0,55170.0,77.12,2527.0,4454.0,0.02,Very High,Moderate,385,Long-term
Sri Lanka,LKA,2022-02-19,16847116.0,115932.0,59474.0,77.17,2724.0,5023.0,0.023,Very High,Moderate,386,Long-term
Sri Lanka,LKA,2022-02-20,16849327.0,32002.0,63169.0,77.18,2893.0,5278.0,0.024,Very High,Moderate,387,Long-term
Sri Lanka,LKA,2022-02-21,16855359.0,64410.0,64182.0,77.2,2940.0,5024.0,0.023,Very High,Moderate,388,Long-term
Sri Lanka,LKA,2022-02-22,16859786.0,78085.0,69011.0,77.22,3161.0,5440.0,0.025,Very High,Fast,389,Long-term
Sri Lanka,LKA,2022-02-23,16866777.0,293015.0,106431.0,77.26,4875.0,6082.0,0.028,Very High,Fast,390,Long-term
Sri Lanka,LKA,2022-02-24,16884030.0,127081.0,114380.0,77.34,5239.0,7849.0,0.036,Very High,Fast,391,Long-term
Sri Lanka,LKA,2022-02-25,16890323.0,75669.0,112313.0,77.36,5144.0,7682.0,0.035,Very High,Fast,392,Long-term
Sri Lanka,LKA,2022-03-01,16904417.0,18316.0,104257.0,77.43,4775.0,6376.0,0.029,Very High,Fast,396,Long-term
Sri Lanka,LKA,2022-03-02,16911102.0,32673.0,67065.0,77.46,3072.0,6332.0,0.029,Very High,Fast,397,Long-term
Sri Lanka,LKA,2022-03-03,16914562.0,27429.0,52829.0,77.48,2420.0,4362.0,0.02,Very High,Moderate,398,Long-term
Sri Lanka,LKA,2022-03-04,16917770.0,36835.0,47282.0,77.49,2166.0,3921.0,0.018,Very High,Moderate,399,Long-term
Sri Lanka,LKA,2022-03-05,16921171.0,42329.0,43056.0,77.51,1972.0,3757.0,0.017,Very High,Moderate,400,Long-term
Sri Lanka,LKA,2022-03-06,16928363.0,21362.0,35836.0,77.54,1641.0,4135.0,0.019,Very High,Moderate,401,Long-term
Sri Lanka,LKA,2022-03-07,16932560.0,40918.0,31409.0,77.56,1439.0,4085.0,0.019,Very High,Moderate,402,Long-term
Sri Lanka,LKA,2022-03-08,16935016.0,29107.0,32950.0,77.57,1509.0,4371.0,0.02,Very High,Moderate,403,Long-term
Sri Lanka,LKA,2022-03-09,16937437.0,29536.0,32502.0,77.58,1489.0,3762.0,0.017,Very High,Moderate,404,Long-term
Sri Lanka,LKA,2022-03-10,16941266.0,152801.0,50413.0,77.6,2309.0,3815.0,0.017,Very High,Moderate,405,Long-term
Sri Lanka,LKA,2022-03-11,16945836.0,33380.0,49919.0,77.62,2286.0,4009.0,0.018,Very High,Moderate,406,Long-term
Sri Lanka,LKA,2022-03-12,16951559.0,33530.0,48662.0,77.64,2229.0,4341.0,0.02,Very High,Moderate,407,Long-term
Sri Lanka,LKA,2022-03-13,16952784.0,12418.0,47384.0,77.65,2170.0,3489.0,0.016,Very High,Moderate,408,Long-term
Sri Lanka,LKA,2022-03-14,16972532.0,137085.0,61122.0,77.74,2800.0,5710.0,0.026,Very High,Moderate,409,Long-term
Sri Lanka,LKA,2022-03-15,16977594.0,31711.0,61494.0,77.76,2817.0,6083.0,0.028,Very High,Moderate,410,Long-term
Sri Lanka,LKA,2022-03-16,16981180.0,27389.0,61188.0,77.78,2803.0,6249.0,0.029,Very High,Moderate,411,Long-term
Sri Lanka,LKA,2022-03-17,16982423.0,10777.0,40899.0,77.79,1873.0,5880.0,0.027,Very High,Moderate,412,Long-term
Sri Lanka,LKA,2022-03-21,16994196.0,26570.0,23557.0,77.84,1079.0,3095.0,0.014,Very High,Moderate,416,Long-term
Sri Lanka,LKA,2022-03-22,16995787.0,14667.0,21122.0,77.85,967.0,2599.0,0.012,Very High,Slow,417,Long-term
